{
  "results": [
    {
      "command": "./target/release/quench check --no-agents tests/fixtures/js-simple",
      "mean": 0.01228873602,
      "stddev": 0.001371472666116897,
      "median": 0.01199818182,
      "user": 0.007306900000000001,
      "system": 0.007200959999999999,
      "min": 0.01060143232,
      "max": 0.014701723320000002,
      "times": [
        0.012273223320000002,
        0.012217182320000002,
        0.01463334832,
        0.01183497332,
        0.01179559832,
        0.011818473320000002,
        0.014701723320000002,
        0.01216139032,
        0.01060143232,
        0.01085001532
      ],
      "memory_usage_byte": [
        10928128,
        10928128,
        10928128,
        10960896,
        10960896,
        10960896,
        10960896,
        10960896,
        10960896,
        10960896
      ],
      "exit_codes": [
        0,
        0,
        0,
        0,
        0,
        0,
        0,
        0,
        0,
        0
      ]
    }
  ]
}
