{
  "results": [
    {
      "command": "./target/release/quench check tests/fixtures/bench-shell",
      "mean": 0.014107326,
      "stddev": 0.004251534366837141,
      "median": 0.0121819596,
      "user": 0.008657000000000001,
      "system": 0.0124573,
      "min": 0.0120797096,
      "max": 0.0217085426,
      "times": [
        0.0217085426,
        0.0124422926,
        0.0120797096,
        0.0121241256,
        0.0121819596
      ],
      "memory_usage_byte": [
        11091968,
        11091968,
        11091968,
        11091968,
        11091968
      ],
      "exit_codes": [
        0,
        0,
        0,
        0,
        0
      ]
    }
  ]
}
