{
  "results": [
    {
      "command": "./target/release/quench check tests/fixtures/bench-shell",
      "mean": 0.012646074260000001,
      "stddev": 0.0007329091707017394,
      "median": 0.012555724160000002,
      "user": 0.0081053,
      "system": 0.00789856,
      "min": 0.01186299466,
      "max": 0.014056870660000002,
      "times": [
        0.01186299466,
        0.012545161660000002,
        0.014056870660000002,
        0.013743494660000001,
        0.011927286660000001,
        0.01259020366,
        0.01238582866,
        0.01277382866,
        0.01200878666,
        0.012566286660000002
      ],
      "memory_usage_byte": [
        11124736,
        11124736,
        11124736,
        11124736,
        11124736,
        11124736,
        11141120,
        11141120,
        11141120,
        11141120
      ],
      "exit_codes": [
        0,
        0,
        0,
        0,
        0,
        0,
        0,
        0,
        0,
        0
      ]
    }
  ]
}
