{
  "results": [
    {
      "command": "./target/release/quench check --no-agents tests/fixtures/js-monorepo",
      "mean": 0.01198766494,
      "stddev": 0.0007827101318579991,
      "median": 0.01167302744,
      "user": 0.00726488,
      "system": 0.007395580000000001,
      "min": 0.01126131944,
      "max": 0.01345244444,
      "times": [
        0.01126131944,
        0.013370027440000001,
        0.01168652744,
        0.01147365244,
        0.01345244444,
        0.011659527440000001,
        0.01152540244,
        0.011484402440000001,
        0.01198586044,
        0.011977485440000001
      ],
      "memory_usage_byte": [
        11108352,
        11108352,
        11108352,
        11108352,
        11108352,
        11108352,
        11108352,
        11108352,
        11108352,
        11108352
      ],
      "exit_codes": [
        0,
        0,
        0,
        0,
        0,
        0,
        0,
        0,
        0,
        0
      ]
    }
  ]
}
